serial_number,mod,g,treat,max_GR,k,Tb,Tc,ThetaT,To,Std..Error_k,Std..Error_Tb,Std..Error_Tc,Std..Error_ThetaT,Std..Error_To,t.value_k,t.value_Tb,t.value_Tc,t.value_ThetaT,t.value_To,p.value_k,p.value_Tb,p.value_Tc,p.value_ThetaT,p.value_To,Tb_calculated,sp,Altitude,Genus,Species,long_dd,lat_dd,Date.Collected,Geographical.Location,Local.Environment,CHELSA_tasmax_01_1981.2010,CHELSA_tasmax_02_1981.2010,CHELSA_tasmax_03_1981.2010,CHELSA_tasmax_04_1981.2010,CHELSA_tasmax_05_1981.2010,CHELSA_tasmax_06_1981.2010,CHELSA_tasmax_07_1981.2010,CHELSA_tasmax_08_1981.2010,CHELSA_tasmax_09_1981.2010,CHELSA_tasmax_10_1981.2010,CHELSA_tasmax_11_1981.2010,CHELSA_tasmax_12_1981.2010,CHELSA_tas_01_1981.2010,CHELSA_tas_02_1981.2010,CHELSA_tas_03_1981.2010,CHELSA_tas_04_1981.2010,CHELSA_tas_05_1981.2010,CHELSA_tas_06_1981.2010,CHELSA_tas_07_1981.2010,CHELSA_tas_08_1981.2010,CHELSA_tas_09_1981.2010,CHELSA_tas_10_1981.2010,CHELSA_tas_11_1981.2010,CHELSA_tas_12_1981.2010,CHELSA_tasmin_01_1981.2010,CHELSA_tasmin_02_1981.2010,CHELSA_tasmin_03_1981.2010,CHELSA_tasmin_04_1981.2010,CHELSA_tasmin_05_1981.2010,CHELSA_tasmin_06_1981.2010,CHELSA_tasmin_07_1981.2010,CHELSA_tasmin_08_1981.2010,CHELSA_tasmin_12_1981.2010,CHELSA_tasmin_11_1981.2010,CHELSA_tasmin_10_1981.2010,CHELSA_tasmin_09_1981.2010,soil_temp_0_5_cm_month_01,soil_temp_0_5_cm_month_02,soil_temp_0_5_cm_month_03,soil_temp_0_5_cm_month_04,soil_temp_0_5_cm_month_05,soil_temp_0_5_cm_month_06,soil_temp_0_5_cm_month_07,soil_temp_0_5_cm_month_08,soil_temp_0_5_cm_month_09,soil_temp_0_5_cm_month_10,soil_temp_0_5_cm_month_11,soil_temp_0_5_cm_month_12,ssp126_pr_01,ssp126_pr_02,ssp126_pr_03,ssp126_pr_04,ssp126_pr_05,ssp126_pr_06,ssp126_pr_07,ssp126_pr_08,ssp126_pr_09,ssp126_pr_10,ssp126_pr_11,ssp126_pr_12,ssp126_tas_01,ssp126_tas_02,ssp126_tas_03,ssp126_tas_04,ssp126_tas_05,ssp126_tas_06,ssp126_tas_07,ssp126_tas_08,ssp126_tas_09,ssp126_tas_10,ssp126_tas_11,ssp126_tas_12,ssp126_tasmax_01,ssp126_tasmax_02,ssp126_tasmax_03,ssp126_tasmax_04,ssp126_tasmax_05,ssp126_tasmax_06,ssp126_tasmax_07,ssp126_tasmax_08,ssp126_tasmax_09,ssp126_tasmax_10,ssp126_tasmax_11,ssp126_tasmax_12,ssp126_tasmin_01,ssp126_tasmin_02,ssp126_tasmin_03,ssp126_tasmin_04,ssp126_tasmin_05,ssp126_tasmin_06,ssp126_tasmin_07,ssp126_tasmin_08,ssp126_tasmin_09,ssp126_tasmin_10,ssp126_tasmin_11,ssp126_tasmin_12,ssp585_tas_01,ssp585_tas_02,ssp585_tas_03,ssp585_tas_04,ssp585_tas_05,ssp585_tas_06,ssp585_tas_07,ssp585_tas_08,ssp585_tas_09,ssp585_tas_10,ssp585_tas_11,ssp585_tas_12,ssp585_tasmax_01,ssp585_tasmax_02,ssp585_tasmax_03,ssp585_tasmax_04,ssp585_tasmax_05,ssp585_tasmax_06,ssp585_tasmax_07,ssp585_tasmax_08,ssp585_tasmax_09,ssp585_tasmax_10,ssp585_tasmax_11,ssp585_tasmax_12,ssp585_tasmin_01,ssp585_tasmin_02,ssp585_tasmin_03,ssp585_tasmin_04,ssp585_tasmin_05,ssp585_tasmin_06,ssp585_tasmin_07,ssp585_tasmin_08,ssp585_tasmin_09,ssp585_tasmin_10,ssp585_tasmin_11,ssp585_tasmin_12,ssp585_pr_01,ssp585_pr_02,ssp585_pr_03,ssp585_pr_04,ssp585_pr_05,ssp585_pr_06,ssp585_pr_07,ssp585_pr_08,ssp585_pr_09,ssp585_pr_10,ssp585_pr_11,ssp585_pr_12,date_reach_TT_hrs,date_reach_TT_hrs_datecollect,cumulative_heat_sum_dec31,stand_start_date,date_reach_TT_hrs_ssp126,date_reach_TT_hrs_datecollect_ssp126,date_reach_TT_hrs_ssp585,date_reach_TT_hrs_datecollect_ssp585
758725,modGR_Ex,50%,COLD,0.495842496,0.250535664,8.714709429,38.04125641,37.32009957,30.6,0.063984589,0.495275654,0.641957994,2.305920542,NA,3.915562639,17.59567498,59.25817075,16.18446901,NA,0.000443742,2.576E-18,1.37473E-34,2.87577E-17,NA,8.714709429,Alnus glutinosa,85,Alnus,glutinosa,-0.1,51.1,4/12/2013,UK:England:West Sussex,NA,6.85,7.15,9.65,12.25,15.65,18.45,20.75,20.55,17.85,14.05,9.85,7.25,4.75,4.45,6.55,8.55,11.95,14.85,17.05,16.85,14.35,11.05,7.45,5.05,1.85,1.45,2.95,4.25,7.65,10.45,12.75,12.75,2.35,4.55,8.05,10.65,4.900000095,4.989999771,6.820000172,3.900000095,7.690000057,10.27999973,12.23999977,13.94999981,13.72000027,11.64999962,10.22000027,7.130000114,90.8,63,63.2,58.9,55.6,50.4,57.1,58.3,60.6,96.6,87.5,94.4,6.45,6.05,7.85,9.75,14.15,17.05,19.95,20.35,18.25,14.75,10.05,7.35,8.65,8.75,11.05,13.55,18.35,21.05,23.75,24.35,22.15,18.05,12.55,9.65,3.65,2.95,4.25,5.45,9.45,12.25,15.55,15.85,14.25,11.65,7.15,4.65,9.35,8.55,10.55,12.65,16.55,20.65,24.05,24.65,22.25,18.35,13.85,10.05,11.45,11.35,13.75,16.65,21.05,25.05,28.45,29.25,26.75,21.85,16.45,12.35,6.55,5.55,6.95,7.95,11.45,15.65,19.25,19.75,17.95,15.15,10.95,7.35,107.3,65.4,77.9,61.5,47.7,45,42,51.9,53.3,90.6,114.2,106.5,30/4/2023,3/5/2023,36.26375917,4/12/2022,15/4/2023,11/4/2023,14/2/2023,2/1/2023
758725,modGR_Ex,50%,NS,0.288537355,0.064570071,14.97286228,40.01853191,30.97146688,29.7,0.00832342,0.166225215,0.100323158,1.336833449,NA,7.757636619,90.07575843,398.8962526,23.16778273,NA,9.41947E-09,2.23921E-39,2.18728E-59,1.9493E-21,NA,14.97286228,Alnus glutinosa,85,Alnus,glutinosa,-0.1,51.1,4/12/2013,UK:England:West Sussex,NA,6.85,7.15,9.65,12.25,15.65,18.45,20.75,20.55,17.85,14.05,9.85,7.25,4.75,4.45,6.55,8.55,11.95,14.85,17.05,16.85,14.35,11.05,7.45,5.05,1.85,1.45,2.95,4.25,7.65,10.45,12.75,12.75,2.35,4.55,8.05,10.65,4.900000095,4.989999771,6.820000172,3.900000095,7.690000057,10.27999973,12.23999977,13.94999981,13.72000027,11.64999962,10.22000027,7.130000114,90.8,63,63.2,58.9,55.6,50.4,57.1,58.3,60.6,96.6,87.5,94.4,6.45,6.05,7.85,9.75,14.15,17.05,19.95,20.35,18.25,14.75,10.05,7.35,8.65,8.75,11.05,13.55,18.35,21.05,23.75,24.35,22.15,18.05,12.55,9.65,3.65,2.95,4.25,5.45,9.45,12.25,15.55,15.85,14.25,11.65,7.15,4.65,9.35,8.55,10.55,12.65,16.55,20.65,24.05,24.65,22.25,18.35,13.85,10.05,11.45,11.35,13.75,16.65,21.05,25.05,28.45,29.25,26.75,21.85,16.45,12.35,6.55,5.55,6.95,7.95,11.45,15.65,19.25,19.75,17.95,15.15,10.95,7.35,107.3,65.4,77.9,61.5,47.7,45,42,51.9,53.3,90.6,114.2,106.5,28/6/2023,1/7/2023,0,4/12/2022,4/6/2023,4/6/2023,14/5/2023,14/5/2023
770857,modGR_Ex,50%,COLD,0.593936141,0.246689871,7.571644847,38.38811915,32.39193475,30.7,0.044281828,0.33972296,0.497261449,1.332690463,NA,5.570905302,23.77478093,77.19906545,24.30567011,NA,3.77214E-06,3.3128E-22,3.07355E-38,1.694E-22,NA,8.076838949,Alnus glutinosa,95,Alnus,glutinosa,-1.5,51.4,27/1/2014,UK:England:Berkshire,NA,6.85,7.15,9.65,12.15,15.55,18.35,20.65,20.25,17.55,13.75,9.65,6.95,4.65,4.55,6.55,8.45,11.85,14.75,16.85,16.55,14.05,10.75,7.25,4.85,1.85,1.45,2.85,4.15,7.35,10.25,12.35,12.35,2.25,4.35,7.65,10.35,3.849999905,3.809999943,4.369999886,4.789999962,9.279999733,10.97000027,13.65999985,16.89999962,14.97000027,11.81000042,9.149999619,5.880000114,85,58.3,64.6,55.8,59.8,50.5,59.7,49.9,55.3,81.7,77.9,87.3,6.35,6.05,7.85,9.75,14.15,17.05,19.75,20.05,17.95,14.45,9.75,7.15,8.65,8.75,11.05,13.55,18.35,20.95,23.75,24.15,21.95,17.75,12.35,9.35,3.45,2.95,4.15,5.25,9.15,12.15,15.25,15.55,13.95,11.25,6.65,4.45,9.25,8.65,10.55,12.45,16.45,20.65,24.05,24.55,22.05,18.05,13.55,9.75,11.55,11.35,13.85,16.65,21.05,25.05,28.55,29.15,26.55,21.55,16.25,11.95,6.45,5.55,6.75,7.75,11.15,15.55,19.05,19.45,17.55,14.75,10.45,7.15,98.3,59.1,78.3,57.8,50.8,45.6,40.9,45.5,46.3,76.4,102.2,97.6,10/4/2023,14/4/2023,0,27/1/2023,20/3/2023,26/3/2023,22/1/2023,21/2/2023
770857,modGR_Ex,50%,NS,0.361354724,0.356795746,7.571644847,37.56578208,59.89645143,31.2,0.079915217,0.480388087,0.522417203,2.519936701,NA,4.464678413,14.70987924,71.9076284,23.76903015,NA,9.34439E-05,8.74161E-16,2.94397E-37,3.3372E-22,NA,7.066450745,Alnus glutinosa,95,Alnus,glutinosa,-1.5,51.4,27/1/2014,UK:England:Berkshire,NA,6.85,7.15,9.65,12.15,15.55,18.35,20.65,20.25,17.55,13.75,9.65,6.95,4.65,4.55,6.55,8.45,11.85,14.75,16.85,16.55,14.05,10.75,7.25,4.85,1.85,1.45,2.85,4.15,7.35,10.25,12.35,12.35,2.25,4.35,7.65,10.35,3.849999905,3.809999943,4.369999886,4.789999962,9.279999733,10.97000027,13.65999985,16.89999962,14.97000027,11.81000042,9.149999619,5.880000114,85,58.3,64.6,55.8,59.8,50.5,59.7,49.9,55.3,81.7,77.9,87.3,6.35,6.05,7.85,9.75,14.15,17.05,19.75,20.05,17.95,14.45,9.75,7.15,8.65,8.75,11.05,13.55,18.35,20.95,23.75,24.15,21.95,17.75,12.35,9.35,3.45,2.95,4.15,5.25,9.15,12.15,15.25,15.55,13.95,11.25,6.65,4.45,9.25,8.65,10.55,12.45,16.45,20.65,24.05,24.55,22.05,18.05,13.55,9.75,11.55,11.35,13.85,16.65,21.05,25.05,28.55,29.15,26.55,21.55,16.25,11.95,6.45,5.55,6.75,7.75,11.15,15.55,19.05,19.45,17.55,14.75,10.45,7.15,98.3,59.1,78.3,57.8,50.8,45.6,40.9,45.5,46.3,76.4,102.2,97.6,27/4/2023,2/5/2023,0,27/1/2023,9/4/2023,12/4/2023,12/2/2023,8/3/2023
815549,modGR_Ex,50%,COLD,0.584010178,0.38733314,10.91424914,36.7070014,30.6260121,31.1,0.113752236,0.601795436,0.424003841,2.064729388,NA,3.405059568,18.13614476,86.57233229,14.83294241,NA,0.001798309,1.06585E-18,7.9887E-40,6.73581E-16,NA,10.91424914,Alnus glutinosa,80,Alnus,glutinosa,-2.9,50.8,10/11/2014,UK:England:Dorset,NA,7.65,7.75,9.85,12.05,15.45,18.15,20.25,19.95,17.55,13.95,10.45,7.95,5.65,5.35,7.05,8.75,11.95,14.85,16.85,16.65,14.45,11.45,8.25,6.05,2.95,2.55,3.75,4.85,8.15,10.95,13.15,13.15,3.45,5.55,8.75,11.25,5.03000021,5,6.809999943,6.460000038,9.079999924,11.68999958,14.09000015,15.71000004,15.52000046,12.78999996,10.43999958,7.869999886,120.9,93.3,87.8,71.3,71.4,61.6,67,64.8,68,109.2,101.2,138.2,7.15,6.85,8.35,10.15,14.25,17.15,19.75,20.05,18.35,15.15,10.65,8.25,9.35,9.35,11.25,13.65,18.15,20.75,23.25,23.65,21.95,17.95,13.15,10.15,4.45,4.15,5.05,6.05,10.05,13.05,16.05,16.25,14.85,12.35,7.75,5.75,10.15,9.35,10.95,12.75,16.75,21.15,24.45,24.95,22.55,18.65,14.45,10.85,12.25,11.85,13.85,16.55,21.05,25.35,28.65,29.25,26.75,21.75,16.85,12.85,7.45,6.65,7.65,8.55,12.15,16.55,20.05,20.45,18.55,15.75,11.75,8.35,141.6,94.9,106.7,75.7,53.3,51.9,43.5,56.8,58.6,97.4,138.7,143.7,15/5/2023,19/5/2023,73.60598862,10/11/2022,5/5/2023,26/4/2023,20/3/2023,21/11/2022
815549,modGR_Ex,50%,NS,0.323572502,0.130448794,15.06124156,37.26632085,30.10108585,29.2,0.080976626,1.417244753,0.63797957,8.597384996,NA,1.610943806,10.62712812,58.41303174,3.501190869,NA,0.117013414,5.01397E-12,2.16807E-34,0.001388236,NA,15.06124156,Alnus glutinosa,80,Alnus,glutinosa,-2.9,50.8,10/11/2014,UK:England:Dorset,NA,7.65,7.75,9.85,12.05,15.45,18.15,20.25,19.95,17.55,13.95,10.45,7.95,5.65,5.35,7.05,8.75,11.95,14.85,16.85,16.65,14.45,11.45,8.25,6.05,2.95,2.55,3.75,4.85,8.15,10.95,13.15,13.15,3.45,5.55,8.75,11.25,5.03000021,5,6.809999943,6.460000038,9.079999924,11.68999958,14.09000015,15.71000004,15.52000046,12.78999996,10.43999958,7.869999886,120.9,93.3,87.8,71.3,71.4,61.6,67,64.8,68,109.2,101.2,138.2,7.15,6.85,8.35,10.15,14.25,17.15,19.75,20.05,18.35,15.15,10.65,8.25,9.35,9.35,11.25,13.65,18.15,20.75,23.25,23.65,21.95,17.95,13.15,10.15,4.45,4.15,5.05,6.05,10.05,13.05,16.05,16.25,14.85,12.35,7.75,5.75,10.15,9.35,10.95,12.75,16.75,21.15,24.45,24.95,22.55,18.65,14.45,10.85,12.25,11.85,13.85,16.55,21.05,25.35,28.65,29.25,26.75,21.75,16.85,12.85,7.45,6.65,7.65,8.55,12.15,16.55,20.05,20.45,18.55,15.75,11.75,8.35,141.6,94.9,106.7,75.7,53.3,51.9,43.5,56.8,58.6,97.4,138.7,143.7,1/7/2023,4/7/2023,9.14733313,10/11/2022,5/6/2023,5/6/2023,14/5/2023,8/5/2023
892915,modGR_Ex,50%,COLD,0.46928661,0.146171077,10.21637908,38.34235559,30.31797833,29.2,0.047056428,0.874963029,0.644666441,4.04136883,NA,3.106293521,11.67635516,59.47627048,7.501908291,NA,0.005564872,2.20061E-10,2.78626E-24,3.10116E-07,NA,10.21637908,Betula pubescens,30,Betula,pubescens,-4.8,51.8,8/9/2016,UK:Wales:Pembrokeshire,NA,7.85,7.55,8.85,10.55,13.25,15.55,17.35,17.55,16.05,13.45,10.55,8.45,6.65,6.15,7.35,8.65,11.25,13.65,15.65,15.85,14.45,11.95,9.35,7.25,4.75,4.15,5.25,6.25,8.85,11.45,13.55,13.85,5.35,7.55,10.25,12.45,6.010000229,5.590000153,5.760000229,3.75,6.929999828,9.640000343,11.52000046,12.92000008,13.27999973,11.76000023,10.89999962,8.199999809,147.8,104.5,102.7,76.1,83.1,76,91.3,85.5,89.4,159.5,146.5,159,8.25,7.75,8.55,10.05,13.25,15.65,18.25,18.85,18.05,15.45,11.95,9.35,9.45,9.05,10.05,12.05,15.55,17.65,20.05,20.75,19.95,17.15,13.15,10.55,6.35,5.95,6.65,7.45,10.65,13.25,16.25,16.65,15.85,13.65,10.25,7.55,10.85,9.95,10.95,12.35,15.65,19.35,22.35,23.35,21.95,18.85,15.35,11.75,11.95,11.35,12.55,14.45,18.15,21.75,24.55,25.75,24.25,20.65,16.65,12.85,9.05,8.25,8.95,9.75,12.75,16.85,19.95,20.75,19.55,17.05,13.65,9.95,168.1,108.9,124.2,84.5,65.1,61.4,64.2,72.8,78.2,149.9,193.8,157.8,24/5/2023,17/9/2022,420.9071546,8/9/2022,7/5/2023,14/9/2022,2/3/2023,13/9/2022
892915,modGR_Ex,50%,NS,0.194042017,0.023929605,21.0626843,37.85131334,23.85104064,29.9,0.747227693,9.905160186,6.249792124,76.79700601,NA,0.032024516,2.126435505,6.056411571,0.310572532,NA,0.97476994,0.046107449,6.40138E-06,0.75933904,NA,21.0626843,Betula pubescens,30,Betula,pubescens,-4.8,51.8,8/9/2016,UK:Wales:Pembrokeshire,NA,7.85,7.55,8.85,10.55,13.25,15.55,17.35,17.55,16.05,13.45,10.55,8.45,6.65,6.15,7.35,8.65,11.25,13.65,15.65,15.85,14.45,11.95,9.35,7.25,4.75,4.15,5.25,6.25,8.85,11.45,13.55,13.85,5.35,7.55,10.25,12.45,6.010000229,5.590000153,5.760000229,3.75,6.929999828,9.640000343,11.52000046,12.92000008,13.27999973,11.76000023,10.89999962,8.199999809,147.8,104.5,102.7,76.1,83.1,76,91.3,85.5,89.4,159.5,146.5,159,8.25,7.75,8.55,10.05,13.25,15.65,18.25,18.85,18.05,15.45,11.95,9.35,9.45,9.05,10.05,12.05,15.55,17.65,20.05,20.75,19.95,17.15,13.15,10.55,6.35,5.95,6.65,7.45,10.65,13.25,16.25,16.65,15.85,13.65,10.25,7.55,10.85,9.95,10.95,12.35,15.65,19.35,22.35,23.35,21.95,18.85,15.35,11.75,11.95,11.35,12.55,14.45,18.15,21.75,24.55,25.75,24.25,20.65,16.65,12.85,9.05,8.25,8.95,9.75,12.75,16.85,19.95,20.75,19.55,17.05,13.65,9.95,168.1,108.9,124.2,84.5,65.1,61.4,64.2,72.8,78.2,149.9,193.8,157.8,NA,NA,23.03247983,8/9/2022,NA,NA,18/7/2023,8/6/2023
893048,modGR_Ex,50%,COLD,0.32289192,0.300409073,10.16680494,36.41482494,52.50171367,30,0.198673119,2.162411091,0.783333445,12.65898662,NA,1.512077101,4.70160599,46.48700393,4.147386772,NA,0.146155345,0.00013691,3.71918E-22,0.000498414,NA,10.16680494,Betula pubescens,150,Betula,pubescens,-2.6,55.7,13/9/2016,UK:Scotland:Borders,NA,5.15,5.65,7.75,10.05,12.95,15.55,17.75,17.35,14.85,11.35,7.65,5.25,3.75,3.95,5.55,7.35,10.05,12.85,14.95,14.65,12.35,9.35,6.15,3.85,0.65,0.65,1.65,2.95,5.65,8.65,10.65,10.55,0.85,3.05,6.05,8.65,3.569999933,3.700000048,3.349999905,4.920000076,7.570000172,10,12.98999977,13.81999969,12.67000008,10.02999973,7.829999924,4.650000095,88.2,67.3,75.4,62.7,64.4,70,88.3,82,64.7,97.2,91.6,92.7,5.05,5.25,6.45,8.35,12.05,14.95,17.85,17.95,15.85,12.65,8.45,5.95,6.55,6.85,8.75,11.35,15.65,18.15,21.05,20.95,18.85,15.05,10.35,7.45,1.95,1.95,2.65,3.75,7.05,10.05,13.35,13.55,11.75,9.25,5.05,2.95,7.75,7.55,8.65,10.75,14.35,18.85,22.25,22.45,19.65,16.05,12.05,8.65,9.35,9.35,11.15,13.95,18.25,22.65,26.05,26.35,23.45,18.45,13.85,10.15,4.55,4.35,4.65,5.95,9.05,13.65,17.15,17.35,15.15,12.75,8.75,5.55,100.7,71.2,85.1,77.1,52.6,60.7,66,63.5,66.3,93.9,118.5,89.4,10/6/2023,16/5/2023,256.3298363,13/9/2022,27/5/2023,26/9/2022,5/5/2023,23/9/2022
893048,modGR_Ex,50%,NS,0.183025126,0.018310466,22.00914029,34.97934211,18.78282794,28.7,0.556387282,6.34869428,0.165094732,46.22339044,NA,0.03290957,3.466719189,211.8743681,0.406348988,NA,0.974072924,0.002435642,2.70305E-35,0.688801367,NA,22.00914029,Betula pubescens,150,Betula,pubescens,-2.6,55.7,13/9/2016,UK:Scotland:Borders,NA,5.15,5.65,7.75,10.05,12.95,15.55,17.75,17.35,14.85,11.35,7.65,5.25,3.75,3.95,5.55,7.35,10.05,12.85,14.95,14.65,12.35,9.35,6.15,3.85,0.65,0.65,1.65,2.95,5.65,8.65,10.65,10.55,0.85,3.05,6.05,8.65,3.569999933,3.700000048,3.349999905,4.920000076,7.570000172,10,12.98999977,13.81999969,12.67000008,10.02999973,7.829999924,4.650000095,88.2,67.3,75.4,62.7,64.4,70,88.3,82,64.7,97.2,91.6,92.7,5.05,5.25,6.45,8.35,12.05,14.95,17.85,17.95,15.85,12.65,8.45,5.95,6.55,6.85,8.75,11.35,15.65,18.15,21.05,20.95,18.85,15.05,10.35,7.45,1.95,1.95,2.65,3.75,7.05,10.05,13.35,13.55,11.75,9.25,5.05,2.95,7.75,7.55,8.65,10.75,14.35,18.85,22.25,22.45,19.65,16.05,12.05,8.65,9.35,9.35,11.15,13.95,18.25,22.65,26.05,26.35,23.45,18.45,13.85,10.15,4.55,4.35,4.65,5.95,9.05,13.65,17.15,17.35,15.15,12.75,8.75,5.55,100.7,71.2,85.1,77.1,52.6,60.7,66,63.5,66.3,93.9,118.5,89.4,NA,NA,4.481851422,13/9/2022,NA,NA,17/7/2023,12/7/2023
894492,modGR_Ex,50%,COLD,0.444758063,0.197053546,11.82186005,37.24367827,31.31779551,29.6,0.083513479,0.966182892,0.651038257,5.117898099,NA,2.359541806,12.2356338,57.20658943,6.119269065,NA,0.025503471,9.40218E-13,7.50073E-31,1.32851E-06,NA,11.82186005,Betula pubescens,25,Betula,pubescens,-1.6,50.9,17/9/2016,UK:England:Hampshire,NA,7.55,7.55,9.85,12.25,15.55,18.25,20.45,20.35,17.85,14.25,10.45,7.85,5.55,5.35,7.15,8.95,12.25,15.05,17.15,17.05,14.75,11.75,8.35,5.95,3.05,2.65,3.85,5.15,8.35,11.15,13.25,13.35,3.55,5.75,9.05,11.55,5.239999771,4.989999771,4.889999866,4.590000153,8.279999733,11.22999954,14.06999969,15.81000042,14.17000008,11.80000019,10.38000011,7.369999886,100.5,74,75.3,62.2,57,52.6,57.9,49.8,64.7,106.4,102.9,109.9,7.25,6.85,8.45,10.25,14.55,17.35,20.05,20.55,18.75,15.45,10.75,8.25,9.35,9.15,11.35,13.65,18.25,20.85,23.45,24.25,22.35,18.25,13.15,10.15,4.65,4.25,5.25,6.35,10.15,13.05,16.15,16.55,15.15,12.65,8.05,5.85,10.15,9.55,11.15,13.05,16.95,20.95,24.35,25.05,22.85,19.05,14.65,10.95,12.25,11.75,14.05,16.75,21.05,25.05,28.35,29.35,26.95,22.15,17.05,12.95,7.75,6.85,7.85,8.85,12.15,16.45,19.85,20.55,18.85,16.15,11.95,8.45,115,74.5,90.6,63.9,47.4,47.7,40.7,46,53.9,97.4,132.1,121,24/5/2023,1/10/2022,272.6310383,17/9/2022,10/5/2023,24/9/2022,9/4/2023,23/9/2022
894492,modGR_Ex,50%,NS,0.188709091,0.022823199,23.13894582,37.33630304,20.3603145,30.5,1.186044997,5.810483506,8.591082072,74.77774986,NA,0.019243114,3.982275449,4.345937185,0.27227771,NA,0.984783638,0.00044065,0.000165184,0.787406324,NA,23.13894582,Betula pubescens,25,Betula,pubescens,-1.6,50.9,17/9/2016,UK:England:Hampshire,NA,7.55,7.55,9.85,12.25,15.55,18.25,20.45,20.35,17.85,14.25,10.45,7.85,5.55,5.35,7.15,8.95,12.25,15.05,17.15,17.05,14.75,11.75,8.35,5.95,3.05,2.65,3.85,5.15,8.35,11.15,13.25,13.35,3.55,5.75,9.05,11.55,5.239999771,4.989999771,4.889999866,4.590000153,8.279999733,11.22999954,14.06999969,15.81000042,14.17000008,11.80000019,10.38000011,7.369999886,100.5,74,75.3,62.2,57,52.6,57.9,49.8,64.7,106.4,102.9,109.9,7.25,6.85,8.45,10.25,14.55,17.35,20.05,20.55,18.75,15.45,10.75,8.25,9.35,9.15,11.35,13.65,18.25,20.85,23.45,24.25,22.35,18.25,13.15,10.15,4.65,4.25,5.25,6.35,10.15,13.05,16.15,16.55,15.15,12.65,8.05,5.85,10.15,9.55,11.15,13.05,16.95,20.95,24.35,25.05,22.85,19.05,14.65,10.95,12.25,11.75,14.05,16.75,21.05,25.05,28.35,29.35,26.95,22.15,17.05,12.95,7.75,6.85,7.85,8.85,12.15,16.45,19.85,20.55,18.85,16.15,11.95,8.45,115,74.5,90.6,63.9,47.4,47.7,40.7,46,53.9,97.4,132.1,121,NA,NA,12.29649795,17/9/2022,NA,NA,8/7/2023,24/6/2023
895710,modGR_Ex,50%,COLD,0.581457325,0.353087961,8.168139097,37.05148986,34.64266765,30.8,0.073118724,0.399418863,0.372373601,1.44664078,NA,4.828967795,20.45005845,99.50085012,23.94697297,NA,3.26483E-05,3.0748E-20,9.44324E-42,2.66124E-22,NA,8.168139097,Alnus glutinosa,154,Alnus,glutinosa,-4.5,56.4,8/11/2016,UK:Scotland:Tayside,NA,3.75,4.25,6.15,9.35,12.75,14.85,16.45,16.05,13.45,10.05,6.55,4.05,2.85,3.05,4.65,7.05,10.05,12.55,14.25,13.95,11.65,8.65,5.65,3.05,-0.35,-0.55,0.75,2.55,5.45,8.25,10.25,10.05,-0.05,2.55,5.45,8.15,3.25,1.649999976,4.610000134,5.260000229,6.869999886,9.319999695,11.23999977,13.89000034,12.81000042,9.5,7.079999924,3.779999971,273,189.8,232.9,119.6,127.1,109.8,137.5,159.7,189.9,279,250,257.3,4.15,4.05,5.35,8.05,11.95,14.35,16.85,17.05,15.05,12.05,8.05,4.75,4.85,5.15,6.85,10.55,14.95,17.05,19.35,19.45,17.25,13.55,9.05,5.75,1.35,0.75,1.55,3.35,6.75,9.65,12.75,13.05,11.35,8.75,4.75,1.75,6.65,6.45,7.45,10.15,14.05,17.85,20.75,21.05,18.75,15.45,11.45,7.55,7.45,7.45,9.15,12.75,17.45,21.05,23.65,24.15,21.45,16.95,12.45,8.55,3.85,3.35,3.55,5.45,8.55,12.65,16.25,16.45,14.65,12.45,8.35,4.55,320.7,205.7,251,149.8,111.6,104.2,117.2,117,194.1,293.6,349.3,278.1,14/5/2023,17/5/2023,63.85818857,8/11/2022,6/5/2023,4/5/2023,17/4/2023,20/11/2022
895710,modGR_Ex,50%,NS,0.383414264,0.15735417,14.43249395,37.08279539,28.18216465,29.4,0.03290592,0.26468202,0.284394701,2.033069415,NA,4.78194104,54.52767037,130.3920054,13.86188019,NA,3.74147E-05,1.92044E-33,1.68512E-45,4.45924E-15,NA,14.43249395,Alnus glutinosa,154,Alnus,glutinosa,-4.5,56.4,8/11/2016,UK:Scotland:Tayside,NA,3.75,4.25,6.15,9.35,12.75,14.85,16.45,16.05,13.45,10.05,6.55,4.05,2.85,3.05,4.65,7.05,10.05,12.55,14.25,13.95,11.65,8.65,5.65,3.05,-0.35,-0.55,0.75,2.55,5.45,8.25,10.25,10.05,-0.05,2.55,5.45,8.15,3.25,1.649999976,4.610000134,5.260000229,6.869999886,9.319999695,11.23999977,13.89000034,12.81000042,9.5,7.079999924,3.779999971,273,189.8,232.9,119.6,127.1,109.8,137.5,159.7,189.9,279,250,257.3,4.15,4.05,5.35,8.05,11.95,14.35,16.85,17.05,15.05,12.05,8.05,4.75,4.85,5.15,6.85,10.55,14.95,17.05,19.35,19.45,17.25,13.55,9.05,5.75,1.35,0.75,1.55,3.35,6.75,9.65,12.75,13.05,11.35,8.75,4.75,1.75,6.65,6.45,7.45,10.15,14.05,17.85,20.75,21.05,18.75,15.45,11.45,7.55,7.45,7.45,9.15,12.75,17.45,21.05,23.65,24.15,21.45,16.95,12.45,8.55,3.85,3.35,3.55,5.45,8.55,12.65,16.25,16.45,14.65,12.45,8.35,4.55,320.7,205.7,251,149.8,111.6,104.2,117.2,117,194.1,293.6,349.3,278.1,18/8/2023,24/8/2023,0,8/11/2022,3/7/2023,3/7/2023,2/6/2023,2/6/2023
895732,modGR_Ex,50%,COLD,0.33026572,0.044761061,9.672529164,40.00640738,31.17447124,27.1,0.022725316,0.690969061,0.484360903,4.677023301,NA,1.969656248,13.99849821,82.59627709,6.665451344,NA,0.058843194,3.63332E-14,2.72082E-35,3.11454E-07,NA,9.672529164,Betula pubescens,60,Betula,pubescens,-5.2,55.9,25/10/2016,UK:Scotland:Strathclyde,NA,6.55,6.45,7.45,9.25,12.05,13.95,15.45,15.55,14.05,11.55,9.05,6.95,5.65,5.45,6.35,7.85,10.35,12.55,14.25,14.35,12.85,10.55,8.15,5.95,3.55,3.25,3.95,5.15,7.55,10.05,12.05,12.25,3.85,6.05,8.55,10.75,5.059999943,3.930000067,5.539999962,5.46999979,8.010000229,9.619999886,11.68000031,12.77000046,12.56999969,10.35000038,9.350000381,6.78000021,229.8,158.7,193.2,101.8,103.9,90.5,126.2,150.4,165.8,249.9,222.6,225.3,6.95,6.55,7.05,8.75,12.05,14.25,16.75,17.25,16.05,13.75,10.65,7.75,7.75,7.45,8.25,10.35,14.05,16.05,18.15,18.65,17.65,14.85,11.55,8.85,5.15,4.65,4.65,5.95,8.85,11.35,14.45,15.05,13.75,11.75,8.45,5.75,9.45,8.85,9.25,10.95,14.25,17.75,20.45,21.25,19.75,17.05,13.95,10.45,10.35,9.75,10.55,12.55,16.45,19.85,22.25,23.15,21.65,18.05,15.05,11.45,7.65,6.95,6.75,8.05,10.75,14.55,17.75,18.55,17.15,15.15,11.85,8.45,255.4,171,209.4,122.3,90.2,91,104.8,115.7,170.1,254.3,299.6,236.7,2/6/2023,31/5/2023,153.0910244,25/10/2022,14/5/2023,11/11/2022,17/4/2023,31/10/2022
895732,modGR_Ex,50%,NS,0.186615611,0.022518798,20.79507313,37.80568014,25.01767382,29.7,0.559600204,8.26144833,4.516423961,63.14573151,NA,0.040240868,2.517121974,8.370711089,0.396189469,NA,0.968186663,0.017834825,4.17495E-09,0.6949684,NA,20.79507313,Betula pubescens,60,Betula,pubescens,-5.2,55.9,25/10/2016,UK:Scotland:Strathclyde,NA,6.55,6.45,7.45,9.25,12.05,13.95,15.45,15.55,14.05,11.55,9.05,6.95,5.65,5.45,6.35,7.85,10.35,12.55,14.25,14.35,12.85,10.55,8.15,5.95,3.55,3.25,3.95,5.15,7.55,10.05,12.05,12.25,3.85,6.05,8.55,10.75,5.059999943,3.930000067,5.539999962,5.46999979,8.010000229,9.619999886,11.68000031,12.77000046,12.56999969,10.35000038,9.350000381,6.78000021,229.8,158.7,193.2,101.8,103.9,90.5,126.2,150.4,165.8,249.9,222.6,225.3,6.95,6.55,7.05,8.75,12.05,14.25,16.75,17.25,16.05,13.75,10.65,7.75,7.75,7.45,8.25,10.35,14.05,16.05,18.15,18.65,17.65,14.85,11.55,8.85,5.15,4.65,4.65,5.95,8.85,11.35,14.45,15.05,13.75,11.75,8.45,5.75,9.45,8.85,9.25,10.95,14.25,17.75,20.45,21.25,19.75,17.05,13.95,10.45,10.35,9.75,10.55,12.55,16.45,19.85,22.25,23.15,21.65,18.05,15.05,11.45,7.65,6.95,6.75,8.05,10.75,14.55,17.75,18.55,17.15,15.15,11.85,8.45,255.4,171,209.4,122.3,90.2,91,104.8,115.7,170.1,254.3,299.6,236.7,NA,NA,0,25/10/2022,NA,NA,19/8/2023,19/8/2023
899305,modGR_Ex,50%,COLD,0.524413797,0.143973481,14.2560091,37.55136976,21.4423964,29.3,0.038771094,0.393689673,0.426948612,2.041756585,NA,3.713423271,34.6512596,87.95290268,10.50193571,NA,0.000777658,3.01259E-27,4.82498E-40,6.74887E-12,NA,13.64184307,Alnus glutinosa,99,Alnus,glutinosa,-4.5,55.1,16/11/2016,UK:Scotland:Dumfries and Galloway,NA,5.55,5.85,7.55,9.95,13.25,15.15,16.75,16.45,14.35,11.25,8.05,5.85,4.45,4.45,5.85,7.65,10.65,12.95,14.65,14.45,12.45,9.75,6.85,4.65,1.55,1.35,2.35,3.65,6.45,9.15,11.05,10.95,1.75,3.95,6.75,9.25,4.260000229,3.809999943,4.389999866,4.900000095,6.480000019,9.109999657,10.26000023,12.56999969,12.56999969,10.21000004,9.119999886,5.949999809,180.7,127.2,153.9,92.9,98.1,80.7,112.9,126.4,131.1,219.5,190,197.4,5.85,5.55,6.55,8.55,12.35,14.75,17.25,17.45,15.75,13.15,9.35,6.65,6.85,6.85,8.35,11.05,15.25,17.25,19.55,19.75,17.95,14.65,10.65,7.85,3.15,2.65,3.05,4.35,7.75,10.45,13.45,13.85,12.45,10.25,6.35,3.75,8.35,7.95,8.85,10.85,14.65,18.25,20.95,21.55,19.55,16.45,12.75,9.35,9.45,9.35,10.65,13.35,17.75,21.05,23.65,24.25,21.95,17.95,14.15,10.55,5.65,5.05,5.25,6.55,9.85,13.85,16.95,17.45,15.95,13.65,9.65,6.55,204.5,134.9,171,111.9,81.9,80.3,93,96,134.4,219.5,259.1,210.9,19/7/2023,22/7/2023,0,16/11/2022,18/6/2023,18/6/2023,22/5/2023,22/5/2023
899305,modGR_Ex,50%,NS,0.417809458,0.180603658,14.2560091,36.70356845,25.98591418,29.5,0.035843723,0.260039739,0.240408464,1.793738474,NA,5.038641131,57.18424117,152.6716979,14.48701388,NA,1.77603E-05,4.25422E-34,1.09098E-47,1.32503E-15,NA,14.87017512,Alnus glutinosa,99,Alnus,glutinosa,-4.5,55.1,16/11/2016,UK:Scotland:Dumfries and Galloway,NA,5.55,5.85,7.55,9.95,13.25,15.15,16.75,16.45,14.35,11.25,8.05,5.85,4.45,4.45,5.85,7.65,10.65,12.95,14.65,14.45,12.45,9.75,6.85,4.65,1.55,1.35,2.35,3.65,6.45,9.15,11.05,10.95,1.75,3.95,6.75,9.25,4.260000229,3.809999943,4.389999866,4.900000095,6.480000019,9.109999657,10.26000023,12.56999969,12.56999969,10.21000004,9.119999886,5.949999809,180.7,127.2,153.9,92.9,98.1,80.7,112.9,126.4,131.1,219.5,190,197.4,5.85,5.55,6.55,8.55,12.35,14.75,17.25,17.45,15.75,13.15,9.35,6.65,6.85,6.85,8.35,11.05,15.25,17.25,19.55,19.75,17.95,14.65,10.65,7.85,3.15,2.65,3.05,4.35,7.75,10.45,13.45,13.85,12.45,10.25,6.35,3.75,8.35,7.95,8.85,10.85,14.65,18.25,20.95,21.55,19.55,16.45,12.75,9.35,9.45,9.35,10.65,13.35,17.75,21.05,23.65,24.25,21.95,17.95,14.15,10.55,5.65,5.05,5.25,6.55,9.85,13.85,16.95,17.45,15.95,13.65,9.65,6.55,204.5,134.9,171,111.9,81.9,80.3,93,96,134.4,219.5,259.1,210.9,24/7/2023,28/7/2023,0,16/11/2022,23/6/2023,23/6/2023,27/5/2023,27/5/2023
912563,modGR_Ex,50%,COLD,0.630710288,0.139636923,7.282801893,37.37272305,23.39860713,27.9,0.033425887,0.565207617,0.399949749,2.205178723,NA,4.177508383,14.36923935,93.44354662,10.61075317,NA,0.000276298,3.62151E-14,9.60086E-36,3.92056E-11,NA,8.121603535,Pinus sylvestris,170,Pinus,sylvestris,-4.6,58,18/1/2017,UK:Scotland:Highlands,NA,4.25,4.85,6.65,9.35,12.45,14.45,16.45,16.05,13.55,10.05,6.65,4.25,3.15,3.45,4.85,6.95,9.65,12.05,14.05,13.75,11.55,8.55,5.55,3.05,-0.35,-0.35,0.75,2.25,4.85,7.75,9.95,9.75,-0.35,2.15,4.95,7.75,3.680000067,3.049999952,4.75,4.670000076,6.289999962,8.489999771,10.72999954,13.01000023,13.10000038,10.47000027,8.350000381,5.159999847,154.2,111.7,139.9,85.6,80.2,69.9,85.3,108.9,112.3,159.5,157.6,157.6,4.35,4.45,5.45,7.75,11.35,13.65,16.65,16.75,14.85,11.75,7.85,4.75,5.15,5.65,7.25,10.15,14.35,16.25,19.15,19.15,16.95,13.25,8.95,5.85,1.15,0.95,1.45,3.05,6.25,9.05,12.45,12.75,10.85,8.15,4.45,1.55,6.65,6.75,7.55,9.65,13.15,16.75,20.05,20.35,18.15,14.85,11.15,7.35,7.55,7.85,9.35,12.15,16.35,19.75,22.95,23.25,20.75,16.45,12.15,8.45,3.55,3.35,3.55,4.95,7.95,11.95,15.65,15.95,14.05,11.55,7.85,4.05,183.3,129.3,146.5,102.5,74.8,67,77,77.9,118.8,175.5,224.9,175.5,3/5/2023,4/5/2023,0,18/1/2023,27/4/2023,27/4/2023,29/3/2023,30/3/2023
912563,modGR_Ex,50%,NS,0.230909562,0.14003779,7.282801893,32.07186926,53.09727497,23.4,0.093465459,1.494918881,0.866833689,15.24688345,NA,1.498283868,4.310601956,36.99887265,3.48250022,NA,0.145249838,0.000181801,1.27462E-25,0.001649821,NA,6.44400025,Pinus sylvestris,170,Pinus,sylvestris,-4.6,58,18/1/2017,UK:Scotland:Highlands,NA,4.25,4.85,6.65,9.35,12.45,14.45,16.45,16.05,13.55,10.05,6.65,4.25,3.15,3.45,4.85,6.95,9.65,12.05,14.05,13.75,11.55,8.55,5.55,3.05,-0.35,-0.35,0.75,2.25,4.85,7.75,9.95,9.75,-0.35,2.15,4.95,7.75,3.680000067,3.049999952,4.75,4.670000076,6.289999962,8.489999771,10.72999954,13.01000023,13.10000038,10.47000027,8.350000381,5.159999847,154.2,111.7,139.9,85.6,80.2,69.9,85.3,108.9,112.3,159.5,157.6,157.6,4.35,4.45,5.45,7.75,11.35,13.65,16.65,16.75,14.85,11.75,7.85,4.75,5.15,5.65,7.25,10.15,14.35,16.25,19.15,19.15,16.95,13.25,8.95,5.85,1.15,0.95,1.45,3.05,6.25,9.05,12.45,12.75,10.85,8.15,4.45,1.55,6.65,6.75,7.55,9.65,13.15,16.75,20.05,20.35,18.15,14.85,11.15,7.35,7.55,7.85,9.35,12.15,16.35,19.75,22.95,23.25,20.75,16.45,12.15,8.45,3.55,3.35,3.55,4.95,7.95,11.95,15.65,15.95,14.05,11.55,7.85,4.05,183.3,129.3,146.5,102.5,74.8,67,77,77.9,118.8,175.5,224.9,175.5,15/5/2023,19/5/2023,0,18/1/2023,9/5/2023,9/5/2023,15/4/2023,16/4/2023
912585,modGR_Ex,50%,COLD,0.340329642,0.378453521,5.328440496,35.02686869,61.35026584,29,0.147860971,2.59644794,0.232570423,12.02324199,NA,2.559522759,2.212425155,150.6075801,5.102639194,NA,0.015409244,0.034194089,1.68553E-47,1.47439E-05,NA,5.744446735,Pinus sylvestris,517,Pinus,sylvestris,-3.5,57,1/2/2017,UK:Scotland:Grampian,NA,1.95,2.25,4.25,7.35,10.95,13.35,15.35,14.65,11.95,8.25,4.75,2.35,1.05,1.15,2.65,5.05,8.15,10.85,12.85,12.35,9.95,6.75,3.75,1.25,-2.45,-2.55,-1.35,0.55,3.45,6.55,8.65,8.35,-2.05,0.45,3.35,6.15,3.369999886,1.679999948,3.140000105,2.660000086,2.829999924,6.860000134,9.25,10.60999966,11.42000008,8.449999809,6.210000038,3.150000095,118.6,81.2,88.8,60.4,71.1,67.9,83.3,92.1,82.5,124.5,113.5,100.7,2.45,2.25,3.45,5.85,10.05,12.75,15.55,15.65,13.35,9.95,6.05,3.05,3.15,3.25,5.05,8.35,13.35,15.65,18.35,18.25,15.85,11.65,7.15,4.25,-0.75,-1.25,-0.55,1.25,4.75,7.95,11.15,11.55,9.25,6.45,2.65,-0.05,4.85,4.55,5.55,8.05,12.05,15.95,19.55,19.65,17.05,13.25,9.35,5.65,5.85,5.65,7.35,10.75,15.65,19.45,22.95,23.05,20.15,15.05,10.65,6.95,1.55,1.05,1.55,3.35,6.65,10.85,14.75,15.05,12.55,9.95,5.85,2.35,123.3,87.6,95.2,73.4,63.4,61.4,70.8,74,81.3,116.6,131.8,95.7,16/5/2023,21/5/2023,0,1/2/2023,10/5/2023,10/5/2023,17/4/2023,19/4/2023
912585,modGR_Ex,50%,NS,0.124211149,0.005170633,5.328440496,32.23135443,56.94307242,18.8,0.055530838,1.358585923,2.188127669,20.16653463,NA,0.093112814,3.615843629,14.73010688,2.823641913,NA,0.926394475,0.001016422,8.57926E-16,0.008102592,NA,4.912434256,Pinus sylvestris,517,Pinus,sylvestris,-3.5,57,1/2/2017,UK:Scotland:Grampian,NA,1.95,2.25,4.25,7.35,10.95,13.35,15.35,14.65,11.95,8.25,4.75,2.35,1.05,1.15,2.65,5.05,8.15,10.85,12.85,12.35,9.95,6.75,3.75,1.25,-2.45,-2.55,-1.35,0.55,3.45,6.55,8.65,8.35,-2.05,0.45,3.35,6.15,3.369999886,1.679999948,3.140000105,2.660000086,2.829999924,6.860000134,9.25,10.60999966,11.42000008,8.449999809,6.210000038,3.150000095,118.6,81.2,88.8,60.4,71.1,67.9,83.3,92.1,82.5,124.5,113.5,100.7,2.45,2.25,3.45,5.85,10.05,12.75,15.55,15.65,13.35,9.95,6.05,3.05,3.15,3.25,5.05,8.35,13.35,15.65,18.35,18.25,15.85,11.65,7.15,4.25,-0.75,-1.25,-0.55,1.25,4.75,7.95,11.15,11.55,9.25,6.45,2.65,-0.05,4.85,4.55,5.55,8.05,12.05,15.95,19.55,19.65,17.05,13.25,9.35,5.65,5.85,5.65,7.35,10.75,15.65,19.45,22.95,23.05,20.15,15.05,10.65,6.95,1.55,1.05,1.55,3.35,6.65,10.85,14.75,15.05,12.55,9.95,5.85,2.35,123.3,87.6,95.2,73.4,63.4,61.4,70.8,74,81.3,116.6,131.8,95.7,17/5/2023,19/5/2023,0,1/2/2023,9/5/2023,9/5/2023,15/4/2023,17/4/2023
912596,modGR_Ex,50%,COLD,0.54753152,0.044239306,7.653526956,41.12404906,21.0681381,27.2,0.018457031,0.802122742,0.423789071,2.888475064,NA,2.396880985,9.824463899,97.03895614,7.29386186,NA,0.022547799,3.49036E-11,2.09984E-41,2.73011E-08,NA,7.880425919,Pinus sylvestris,250,Pinus,sylvestris,-4.7,56.4,26/1/2017,UK:Scotland:Tayside,NA,3.35,3.75,5.65,8.75,12.15,14.15,15.65,15.35,12.85,9.45,6.05,3.55,2.45,2.45,4.05,6.45,9.45,11.85,13.55,13.25,11.05,8.05,5.05,2.55,-0.85,-1.05,0.15,1.95,4.85,7.55,9.55,9.35,-0.55,1.95,4.85,7.45,4.059999943,0.400000006,4.369999886,4.070000172,5.46999979,8.550000191,10.22000027,12.85000038,12.63000011,9.170000076,6.699999809,3.569999933,330.8,232.7,284.5,143.5,145.7,129.1,166.8,193.5,233.6,334.5,297.1,310.4,3.75,3.45,4.75,7.45,11.35,13.65,16.15,16.35,14.45,11.45,7.45,4.25,4.45,4.65,6.35,9.85,14.35,16.35,18.55,18.65,16.65,12.95,8.55,5.25,0.85,0.25,0.95,2.75,6.15,8.85,12.05,12.35,10.55,8.15,4.25,1.25,6.25,5.85,6.85,9.55,13.45,17.15,20.05,20.35,18.15,14.85,10.95,7.05,7.05,6.95,8.65,12.15,16.85,20.35,22.85,23.45,20.85,16.35,12.05,8.05,3.35,2.85,2.95,4.85,7.95,11.95,15.55,15.85,13.95,11.75,7.85,4.05,379.7,250.7,305.1,176.9,128.7,124.3,142.2,144.4,238.6,351.5,410.8,330.9,8/5/2023,10/5/2023,0,26/1/2023,2/5/2023,2/5/2023,9/4/2023,9/4/2023
912596,modGR_Ex,50%,NS,0.215383301,0.031904592,7.653526956,35.61125815,40.3831175,23,0.025513497,0.890580405,0.402026009,7.548592059,NA,1.250498557,8.339087577,88.57948829,5.349754919,NA,0.220184508,1.57997E-09,3.84797E-40,7.18104E-06,NA,7.426627992,Pinus sylvestris,250,Pinus,sylvestris,-4.7,56.4,26/1/2017,UK:Scotland:Tayside,NA,3.35,3.75,5.65,8.75,12.15,14.15,15.65,15.35,12.85,9.45,6.05,3.55,2.45,2.45,4.05,6.45,9.45,11.85,13.55,13.25,11.05,8.05,5.05,2.55,-0.85,-1.05,0.15,1.95,4.85,7.55,9.55,9.35,-0.55,1.95,4.85,7.45,4.059999943,0.400000006,4.369999886,4.070000172,5.46999979,8.550000191,10.22000027,12.85000038,12.63000011,9.170000076,6.699999809,3.569999933,330.8,232.7,284.5,143.5,145.7,129.1,166.8,193.5,233.6,334.5,297.1,310.4,3.75,3.45,4.75,7.45,11.35,13.65,16.15,16.35,14.45,11.45,7.45,4.25,4.45,4.65,6.35,9.85,14.35,16.35,18.55,18.65,16.65,12.95,8.55,5.25,0.85,0.25,0.95,2.75,6.15,8.85,12.05,12.35,10.55,8.15,4.25,1.25,6.25,5.85,6.85,9.55,13.45,17.15,20.05,20.35,18.15,14.85,10.95,7.05,7.05,6.95,8.65,12.15,16.85,20.35,22.85,23.45,20.85,16.35,12.05,8.05,3.35,2.85,2.95,4.85,7.95,11.95,15.55,15.85,13.95,11.75,7.85,4.05,379.7,250.7,305.1,176.9,128.7,124.3,142.2,144.4,238.6,351.5,410.8,330.9,19/5/2023,22/5/2023,0,26/1/2023,9/5/2023,9/5/2023,21/4/2023,21/4/2023
925026,modGR_Ex,50%,COLD,0.587948709,0.697599621,7.159682869,35.95210542,39.83754198,31.8,0.179996829,0.562994582,0.245291232,1.58707599,NA,3.87562173,12.44896267,146.5690606,25.101219,NA,0.000585959,6.23138E-13,2.99796E-42,4.86012E-21,NA,7.008698538,Alnus glutinosa,50,Alnus,glutinosa,-0.5,52,10/1/2017,UK:England:Bedfordshire,NA,6.75,7.15,9.85,12.35,15.75,18.65,21.05,20.85,17.95,13.95,9.65,6.85,4.45,4.35,6.65,8.65,11.95,14.95,17.25,16.95,14.35,10.85,7.25,4.75,1.75,1.45,2.95,4.35,7.45,10.55,12.75,12.65,2.15,4.45,7.75,10.55,4.239999771,4.150000095,3.910000086,5.579999924,9.170000076,10.89999962,14.22000027,15.27999973,13.81999969,11.44999981,9.600000381,6.150000095,57.9,42.9,46.4,54.4,49.5,49.6,59.3,53.8,50.2,59.1,57.4,57.5,5.95,5.85,7.85,9.85,14.25,17.25,20.25,20.45,18.15,14.45,9.55,6.95,8.45,8.75,11.25,13.75,18.65,21.45,24.35,24.85,22.45,18.05,12.35,9.15,3.25,2.85,4.05,5.35,9.25,12.25,15.55,15.75,13.95,11.15,6.55,4.35,8.85,8.35,10.45,12.65,16.65,21.25,24.95,25.25,22.45,18.05,13.35,9.55,11.35,11.35,13.95,16.85,21.55,25.95,29.85,30.45,27.45,21.95,16.15,11.85,6.25,5.35,6.65,7.95,11.15,15.85,19.65,19.85,17.55,14.65,10.45,6.95,66.7,45,55.8,55.9,43.7,41.9,41.6,45.7,42.3,54.5,74.1,61.6,8/4/2023,12/4/2023,0,10/1/2023,19/3/2023,21/3/2023,27/1/2023,5/2/2023
925026,modGR_Ex,50%,NS,0.278054105,0.358515233,7.159682869,37.478048,76.86920387,31.2,0.087428708,0.578920299,0.562737715,3.807470143,NA,4.100658029,12.62810653,66.59949562,20.18904968,NA,0.000320628,4.42826E-13,1.0952E-32,1.58455E-18,NA,7.3106672,Alnus glutinosa,50,Alnus,glutinosa,-0.5,52,10/1/2017,UK:England:Bedfordshire,NA,6.75,7.15,9.85,12.35,15.75,18.65,21.05,20.85,17.95,13.95,9.65,6.85,4.45,4.35,6.65,8.65,11.95,14.95,17.25,16.95,14.35,10.85,7.25,4.75,1.75,1.45,2.95,4.35,7.45,10.55,12.75,12.65,2.15,4.45,7.75,10.55,4.239999771,4.150000095,3.910000086,5.579999924,9.170000076,10.89999962,14.22000027,15.27999973,13.81999969,11.44999981,9.600000381,6.150000095,57.9,42.9,46.4,54.4,49.5,49.6,59.3,53.8,50.2,59.1,57.4,57.5,5.95,5.85,7.85,9.85,14.25,17.25,20.25,20.45,18.15,14.45,9.55,6.95,8.45,8.75,11.25,13.75,18.65,21.45,24.35,24.85,22.45,18.05,12.35,9.15,3.25,2.85,4.05,5.35,9.25,12.25,15.55,15.75,13.95,11.15,6.55,4.35,8.85,8.35,10.45,12.65,16.65,21.25,24.95,25.25,22.45,18.05,13.35,9.55,11.35,11.35,13.95,16.85,21.55,25.95,29.85,30.45,27.45,21.95,16.15,11.85,6.25,5.35,6.65,7.95,11.15,15.85,19.65,19.85,17.55,14.65,10.45,6.95,66.7,45,55.8,55.9,43.7,41.9,41.6,45.7,42.3,54.5,74.1,61.6,27/4/2023,3/5/2023,0,10/1/2023,11/4/2023,12/4/2023,23/2/2023,3/3/2023
925037,modGR_Ex,50%,COLD,0.57036149,0.127209789,6.982924022,38.89741342,27.71787513,28.6,0.028332986,0.528272033,0.581018638,2.228468176,NA,4.489812253,13.89282439,66.94692886,12.43808434,NA,8.69348E-05,4.21472E-15,2.85745E-36,8.4778E-14,NA,7.339190583,Pinus sylvestris,250,Pinus,sylvestris,-4.8,57.2,15/2/2017,UK:Scotland:Highlands,NA,3.35,3.65,5.65,8.85,12.25,14.25,15.95,15.55,12.95,9.45,6.15,3.65,2.65,2.65,4.15,6.55,9.55,11.95,13.75,13.45,11.25,8.25,5.35,2.85,-0.55,-0.85,0.25,1.95,4.65,7.55,9.75,9.65,-0.35,2.15,4.95,7.65,3,1.330000043,3.920000076,4.179999828,5.710000038,8.050000191,10.47999954,12.86999989,12.14000034,9.100000381,6.519999981,3.089999914,204.7,147.7,175.6,87,94.9,81.9,99.9,123.5,135.4,204.1,204.6,202.6,3.85,3.75,4.85,7.45,11.45,13.75,16.45,16.55,14.65,11.55,7.75,4.55,4.35,4.65,6.45,9.95,14.55,16.45,18.85,18.85,16.65,12.85,8.65,5.35,1.05,0.55,1.05,2.75,6.05,8.95,12.35,12.65,10.65,8.15,4.45,1.55,6.35,6.15,6.95,9.55,13.45,17.25,20.25,20.45,18.25,14.85,11.15,7.35,6.95,6.95,8.65,12.15,16.85,20.45,23.15,23.45,20.75,16.15,12.05,8.15,3.55,3.05,3.05,4.75,7.75,11.95,15.65,15.95,14.05,11.75,7.95,4.25,239.9,161.4,189.2,111,83.2,77.3,83.4,87.2,141.7,221.6,287,222.3,5/5/2023,7/5/2023,0,15/2/2023,1/5/2023,1/5/2023,7/4/2023,7/4/2023
925037,modGR_Ex,50%,NS,0.267448529,0.117357777,6.982924022,36.16776174,52.09865322,26,0.020219201,0.598952898,0.191183841,4.584737971,NA,5.804273722,11.06373721,189.1779217,11.36349636,NA,1.91427E-06,1.80662E-12,1.15202E-50,9.09013E-13,NA,6.626657462,Pinus sylvestris,250,Pinus,sylvestris,-4.8,57.2,15/2/2017,UK:Scotland:Highlands,NA,3.35,3.65,5.65,8.85,12.25,14.25,15.95,15.55,12.95,9.45,6.15,3.65,2.65,2.65,4.15,6.55,9.55,11.95,13.75,13.45,11.25,8.25,5.35,2.85,-0.55,-0.85,0.25,1.95,4.65,7.55,9.75,9.65,-0.35,2.15,4.95,7.65,3,1.330000043,3.920000076,4.179999828,5.710000038,8.050000191,10.47999954,12.86999989,12.14000034,9.100000381,6.519999981,3.089999914,204.7,147.7,175.6,87,94.9,81.9,99.9,123.5,135.4,204.1,204.6,202.6,3.85,3.75,4.85,7.45,11.45,13.75,16.45,16.55,14.65,11.55,7.75,4.55,4.35,4.65,6.45,9.95,14.55,16.45,18.85,18.85,16.65,12.85,8.65,5.35,1.05,0.55,1.05,2.75,6.05,8.95,12.35,12.65,10.65,8.15,4.45,1.55,6.35,6.15,6.95,9.55,13.45,17.25,20.25,20.45,18.25,14.85,11.15,7.35,6.95,6.95,8.65,12.15,16.85,20.45,23.15,23.45,20.75,16.15,12.05,8.15,3.55,3.05,3.05,4.75,7.75,11.95,15.65,15.95,14.05,11.75,7.95,4.25,239.9,161.4,189.2,111,83.2,77.3,83.4,87.2,141.7,221.6,287,222.3,15/5/2023,19/5/2023,0,15/2/2023,8/5/2023,8/5/2023,19/4/2023,19/4/2023
925509,modGR_Ex,50%,COLD,0.613328933,0.246904225,7.301212397,36.47291214,30.69253154,28.9,0.058251605,0.799465597,0.297533272,2.72210697,NA,4.238582384,8.328927602,122.5843142,11.27528487,NA,0.000178358,1.62331E-09,1.21082E-44,1.11133E-12,NA,6.658691074,Pinus sylvestris,230,Pinus,sylvestris,-3.7,57.2,8/1/2017,UK:Scotland:Highlands,NA,3.45,3.85,5.85,8.95,12.35,14.65,16.75,16.15,13.25,9.55,6.05,3.55,2.55,2.65,4.25,6.55,9.55,12.25,14.25,13.75,11.25,8.05,5.05,2.55,-0.85,-1.05,0.15,1.95,4.85,7.75,9.95,9.75,-0.85,1.75,4.65,7.45,3.079999924,2.650000095,3.880000114,3.849999905,5.150000095,8.420000076,10.09000015,12.35000038,11.57999992,9.68999958,7.21999979,4.03000021,105.6,74.8,86.3,59.6,72.1,74.7,87.7,98.4,83.7,118.2,106.8,97.3,3.85,3.85,5.05,7.35,11.45,14.15,16.95,17.05,14.65,11.25,7.35,4.35,4.65,4.95,6.75,9.95,14.75,16.95,19.75,19.65,17.15,12.95,8.45,5.35,0.85,0.35,0.95,2.65,6.15,9.15,12.55,12.95,10.45,7.75,3.95,1.15,6.35,6.05,7.15,9.55,13.45,17.45,20.95,21.05,18.35,14.55,10.65,6.95,7.25,7.25,8.95,12.35,17.05,20.75,24.35,24.45,21.45,16.35,11.95,8.15,3.15,2.55,3.05,4.75,8.05,12.05,16.05,16.45,13.75,11.15,7.15,3.55,112.6,81.5,92.6,73.2,63.8,67.6,74.2,77.1,84,113.1,128.4,94.5,8/5/2023,11/5/2023,0,8/1/2023,3/5/2023,3/5/2023,9/4/2023,9/4/2023
925509,modGR_Ex,50%,NS,0.229602733,0.017507026,7.301212397,35.93788679,34.31527939,22.8,0.019880447,0.634738609,0.404132818,5.054132685,NA,0.880615297,12.51496853,88.92593026,6.789548579,NA,0.385092294,7.19106E-14,3.39779E-40,1.12755E-07,NA,7.94373372,Pinus sylvestris,230,Pinus,sylvestris,-3.7,57.2,8/1/2017,UK:Scotland:Highlands,NA,3.45,3.85,5.85,8.95,12.35,14.65,16.75,16.15,13.25,9.55,6.05,3.55,2.55,2.65,4.25,6.55,9.55,12.25,14.25,13.75,11.25,8.05,5.05,2.55,-0.85,-1.05,0.15,1.95,4.85,7.75,9.95,9.75,-0.85,1.75,4.65,7.45,3.079999924,2.650000095,3.880000114,3.849999905,5.150000095,8.420000076,10.09000015,12.35000038,11.57999992,9.68999958,7.21999979,4.03000021,105.6,74.8,86.3,59.6,72.1,74.7,87.7,98.4,83.7,118.2,106.8,97.3,3.85,3.85,5.05,7.35,11.45,14.15,16.95,17.05,14.65,11.25,7.35,4.35,4.65,4.95,6.75,9.95,14.75,16.95,19.75,19.65,17.15,12.95,8.45,5.35,0.85,0.35,0.95,2.65,6.15,9.15,12.55,12.95,10.45,7.75,3.95,1.15,6.35,6.05,7.15,9.55,13.45,17.45,20.95,21.05,18.35,14.55,10.65,6.95,7.25,7.25,8.95,12.35,17.05,20.75,24.35,24.45,21.45,16.35,11.95,8.15,3.15,2.55,3.05,4.75,8.05,12.05,16.05,16.45,13.75,11.15,7.15,3.55,112.6,81.5,92.6,73.2,63.8,67.6,74.2,77.1,84,113.1,128.4,94.5,11/5/2023,13/5/2023,0,8/1/2023,4/5/2023,4/5/2023,11/4/2023,11/4/2023
945534,modGR_Ex,50%,COLD,0.521190678,0.051453666,7.149314399,40.40389476,23.33431026,26.8,0.019296891,0.975803013,0.337601796,3.499368725,NA,2.666422562,7.137298363,119.6791465,6.668148483,NA,0.012590562,9.11867E-08,8.66305E-40,3.09253E-07,NA,6.964597244,Pinus sylvestris,274,Pinus,sylvestris,-4.6,57.2,26/2/2017,UK:Scotland:Highlands,NA,2.85,3.05,4.85,7.95,11.25,13.45,15.15,14.75,12.15,8.75,5.45,3.15,2.15,2.05,3.45,5.65,8.55,11.15,12.95,12.65,10.45,7.55,4.65,2.35,-1.05,-1.45,-0.45,1.15,3.85,6.75,8.85,8.85,-0.75,1.55,4.25,6.95,2.210000038,-0.050000001,3.269999981,3.029999971,4.809999943,7.320000172,9.859999657,11.75,11.02999973,8.350000381,5.380000114,2.299999952,180,128.3,156,79,90.2,78.1,93.9,115,123.1,188.1,186.3,183,3.35,3.15,4.15,6.55,10.45,12.95,15.65,15.75,13.85,10.85,7.05,4.05,3.85,4.05,5.65,9.05,13.55,15.65,18.05,18.05,15.85,12.15,7.95,4.95,0.55,-0.05,0.35,1.95,5.25,8.15,11.45,11.75,9.95,7.45,3.75,1.05,5.85,5.55,6.25,8.65,12.45,16.45,19.45,19.65,17.45,14.15,10.45,6.85,6.45,6.35,7.85,11.25,15.85,19.75,22.35,22.65,19.95,15.45,11.35,7.65,3.05,2.45,2.35,3.95,6.95,11.15,14.85,15.15,13.35,11.05,7.35,3.75,217.8,141.2,169.2,102.1,78.1,73,78.3,79.7,129.6,205.5,266.9,204.3,12/5/2023,14/5/2023,0,26/2/2023,4/5/2023,4/5/2023,14/4/2023,14/4/2023
945534,modGR_Ex,50%,NS,0.225412447,0.139473452,7.149314399,32.17537153,51.96691374,23.7,0.095109626,1.462693506,0.990222213,14.54478624,NA,1.466449378,5.014059012,32.49308196,3.57288948,NA,0.154077135,2.93266E-05,1.75112E-23,0.001353652,NA,7.334031554,Pinus sylvestris,274,Pinus,sylvestris,-4.6,57.2,26/2/2017,UK:Scotland:Highlands,NA,2.85,3.05,4.85,7.95,11.25,13.45,15.15,14.75,12.15,8.75,5.45,3.15,2.15,2.05,3.45,5.65,8.55,11.15,12.95,12.65,10.45,7.55,4.65,2.35,-1.05,-1.45,-0.45,1.15,3.85,6.75,8.85,8.85,-0.75,1.55,4.25,6.95,2.210000038,-0.050000001,3.269999981,3.029999971,4.809999943,7.320000172,9.859999657,11.75,11.02999973,8.350000381,5.380000114,2.299999952,180,128.3,156,79,90.2,78.1,93.9,115,123.1,188.1,186.3,183,3.35,3.15,4.15,6.55,10.45,12.95,15.65,15.75,13.85,10.85,7.05,4.05,3.85,4.05,5.65,9.05,13.55,15.65,18.05,18.05,15.85,12.15,7.95,4.95,0.55,-0.05,0.35,1.95,5.25,8.15,11.45,11.75,9.95,7.45,3.75,1.05,5.85,5.55,6.25,8.65,12.45,16.45,19.45,19.65,17.45,14.15,10.45,6.85,6.45,6.35,7.85,11.25,15.85,19.75,22.35,22.65,19.95,15.45,11.35,7.65,3.05,2.45,2.35,3.95,6.95,11.15,14.85,15.15,13.35,11.05,7.35,3.75,217.8,141.2,169.2,102.1,78.1,73,78.3,79.7,129.6,205.5,266.9,204.3,29/5/2023,2/6/2023,0,26/2/2023,16/5/2023,16/5/2023,2/5/2023,2/5/2023
950323,modGR_Ex,50%,COLD,0.569496666,0.199642205,10.60769049,37.92229891,27.16560425,30,0.056535706,0.729415906,0.567336741,2.823982794,NA,3.531258722,14.54271891,66.8426636,9.619606856,NA,0.001453248,1.41642E-14,9.89562E-33,2.24978E-10,NA,10.60769049,Betula pubescens,150,Betula,pubescens,-4.3,50.9,15/8/2017,UK:England:Devon,NA,7.55,7.45,9.05,10.95,13.85,16.15,18.05,18.05,16.35,13.35,10.15,8.05,5.85,5.55,6.95,8.25,11.15,13.65,15.55,15.65,13.95,11.35,8.55,6.45,3.65,3.15,4.25,5.15,7.95,10.75,12.85,13.05,4.25,6.35,9.15,11.45,5.239999771,4.869999886,5.329999924,5.010000229,8.329999924,10.92000008,13.22999954,14.60000038,14.55000019,12.06000042,10.23999977,7.619999886,140,109.1,97,73.3,81.2,74.7,90.3,75,84.8,148.3,135.6,162.9,7.45,7.15,8.25,9.65,13.25,15.65,18.15,18.65,17.55,14.95,11.05,8.55,9.15,9.05,10.35,12.45,16.25,18.35,20.75,21.35,20.25,17.05,12.75,10.15,5.35,4.95,5.65,6.45,9.85,12.65,15.55,15.85,14.85,12.75,8.85,6.45,10.05,9.45,10.65,12.05,15.65,19.45,22.35,23.25,21.55,18.45,14.55,11.05,11.75,11.35,12.85,15.05,18.95,22.55,25.35,26.35,24.65,20.65,16.25,12.55,8.05,7.35,8.15,8.85,12.05,16.25,19.35,20.05,18.75,16.25,12.35,9.05,159.1,111.6,115.5,79.8,62.2,59,63,61.6,73,138.7,178,157.6,23/5/2023,22/8/2022,488.54359,15/8/2022,7/5/2023,20/8/2022,23/3/2023,20/8/2022
950323,modGR_Ex,50%,NS,0.244967008,0.029689561,20.32701868,37.23977587,19.48605442,29.3,0.911741609,15.9800869,5.251558785,85.71490726,NA,0.032563569,1.272021786,7.091185188,0.227335653,NA,0.974253644,0.213828856,1.02703E-07,0.821814525,NA,20.32701868,Betula pubescens,150,Betula,pubescens,-4.3,50.9,15/8/2017,UK:England:Devon,NA,7.55,7.45,9.05,10.95,13.85,16.15,18.05,18.05,16.35,13.35,10.15,8.05,5.85,5.55,6.95,8.25,11.15,13.65,15.55,15.65,13.95,11.35,8.55,6.45,3.65,3.15,4.25,5.15,7.95,10.75,12.85,13.05,4.25,6.35,9.15,11.45,5.239999771,4.869999886,5.329999924,5.010000229,8.329999924,10.92000008,13.22999954,14.60000038,14.55000019,12.06000042,10.23999977,7.619999886,140,109.1,97,73.3,81.2,74.7,90.3,75,84.8,148.3,135.6,162.9,7.45,7.15,8.25,9.65,13.25,15.65,18.15,18.65,17.55,14.95,11.05,8.55,9.15,9.05,10.35,12.45,16.25,18.35,20.75,21.35,20.25,17.05,12.75,10.15,5.35,4.95,5.65,6.45,9.85,12.65,15.55,15.85,14.85,12.75,8.85,6.45,10.05,9.45,10.65,12.05,15.65,19.45,22.35,23.25,21.55,18.45,14.55,11.05,11.75,11.35,12.85,15.05,18.95,22.55,25.35,26.35,24.65,20.65,16.25,12.55,8.05,7.35,8.15,8.85,12.05,16.25,19.35,20.05,18.75,16.25,12.35,9.05,159.1,111.6,115.5,79.8,62.2,59,63,61.6,73,138.7,178,157.6,NA,NA,73.15442849,15/8/2022,NA,NA,3/7/2023,24/8/2022
1010271,modGR_Ex,50%,COLD,0.62139293,0.447084582,10.23968966,36.55013961,30.65119611,31.3,0.098589918,0.416215006,0.296463212,1.3042012,NA,4.534790088,24.60192335,123.2872685,23.50189228,NA,0.000201745,2.11278E-16,1.35348E-30,4.65124E-16,NA,10.23968966,Betula pubescens,300,Betula,pubescens,-3.7,57.2,1/8/2018,UK:Scotland:Highlands,NA,3.05,3.45,5.45,8.55,11.95,14.25,16.35,15.75,12.95,9.25,5.65,3.25,2.15,2.25,3.85,6.15,9.15,11.75,13.85,13.35,10.85,7.75,4.65,2.25,-1.15,-1.35,-0.25,1.45,4.35,7.35,9.55,9.25,-1.15,1.35,4.25,7.05,3.569999933,2.630000114,3.609999895,3.569999933,4.659999847,7.559999943,9.779999733,10.25,10.38000011,8.829999924,7.019999981,3.769999981,108.2,76.9,88.1,61.9,74.3,77.5,90.6,101.3,85.9,121.8,109.4,99,3.45,3.45,4.65,6.95,11.05,13.65,16.55,16.65,14.25,10.95,6.95,4.05,4.25,4.55,6.35,9.55,14.35,16.55,19.35,19.25,16.85,12.65,8.05,5.15,0.55,0.05,0.55,2.15,5.65,8.75,12.15,12.45,10.05,7.35,3.55,0.85,5.95,5.65,6.75,9.15,13.05,16.95,20.55,20.65,17.95,14.25,10.25,6.65,6.85,6.85,8.55,11.95,16.65,20.35,23.95,24.05,21.15,16.05,11.55,7.85,2.85,2.25,2.65,4.25,7.55,11.65,15.65,15.95,13.35,10.75,6.75,3.25,114.5,83.6,94.3,75.9,65.9,70.1,76.9,79.7,86,115.9,130.4,95.5,11/6/2023,13/8/2022,394.8970301,1/8/2022,26/5/2023,8/8/2022,9/5/2023,7/8/2022
1010271,modGR_Ex,50%,NS,0.291079274,-0.040611896,20.00028096,38.45706165,13.04445403,28.3,0.040042256,0.253821665,1.068040852,2.018031171,NA,-1.014225966,78.79658707,36.00710739,6.463950717,NA,0.32258837,1.02752E-26,5.8082E-20,2.65182E-06,NA,20.00028096,Betula pubescens,300,Betula,pubescens,-3.7,57.2,1/8/2018,UK:Scotland:Highlands,NA,3.05,3.45,5.45,8.55,11.95,14.25,16.35,15.75,12.95,9.25,5.65,3.25,2.15,2.25,3.85,6.15,9.15,11.75,13.85,13.35,10.85,7.75,4.65,2.25,-1.15,-1.35,-0.25,1.45,4.35,7.35,9.55,9.25,-1.15,1.35,4.25,7.05,3.569999933,2.630000114,3.609999895,3.569999933,4.659999847,7.559999943,9.779999733,10.25,10.38000011,8.829999924,7.019999981,3.769999981,108.2,76.9,88.1,61.9,74.3,77.5,90.6,101.3,85.9,121.8,109.4,99,3.45,3.45,4.65,6.95,11.05,13.65,16.55,16.65,14.25,10.95,6.95,4.05,4.25,4.55,6.35,9.55,14.35,16.55,19.35,19.25,16.85,12.65,8.05,5.15,0.55,0.05,0.55,2.15,5.65,8.75,12.15,12.45,10.05,7.35,3.55,0.85,5.95,5.65,6.75,9.15,13.05,16.95,20.55,20.65,17.95,14.25,10.25,6.65,6.85,6.85,8.55,11.95,16.65,20.35,23.95,24.05,21.15,16.05,11.55,7.85,2.85,2.25,2.65,4.25,7.55,11.65,15.65,15.95,13.35,10.75,6.75,3.25,114.5,83.6,94.3,75.9,65.9,70.1,76.9,79.7,86,115.9,130.4,95.5,NA,NA,40.13835369,1/8/2022,NA,NA,12/7/2023,12/8/2022